workstation,analysis_id,analysis_date,synchronization_date,sample_code,classified_seeds,variety,percent,result_id
Beulah,200,2025-02-26T11:39:56Z,2025-02-26T00:41:11Z,GTAMix1,303,Bass,84,1
Beulah,200,2025-02-26T11:39:56Z,2025-02-26T00:41:11Z,GTAMix1,303,Maximus CL,14,2
Beulah,208,2025-02-26T14:07:10Z,2025-02-26T03:08:12Z,GTAMix10,283,Maximus CL,65,1
Beulah,208,2025-02-26T14:07:10Z,2025-02-26T03:08:12Z,GTAMix10,283,Bass,35,2
Beulah,209,2025-02-26T14:15:51Z,2025-02-26T03:17:05Z,GTAMix11,312,La Trobe,50,1
Beulah,209,2025-02-26T14:15:51Z,2025-02-26T03:17:05Z,GTAMix11,312,Maximus CL,50,2
Beulah,210,2025-02-26T14:29:31Z,2025-02-26T03:30:41Z,GTAMix12,273,Planet,54,1
Beulah,210,2025-02-26T14:29:31Z,2025-02-26T03:30:41Z,GTAMix12,273,Spartacus CL,46,2
Beulah,223,2025-02-27T09:45:00Z,2025-02-26T22:46:00Z,GTAMix2,343,Planet,84,1
Beulah,223,2025-02-27T09:45:00Z,2025-02-26T22:46:00Z,GTAMix2,343,Bass,16,2
Beulah,201,2025-02-26T11:50:07Z,2025-02-26T00:51:07Z,GTAMix3,236,Spartacus CL,77,1
Beulah,201,2025-02-26T11:50:07Z,2025-02-26T00:51:07Z,GTAMix3,236,Bass,23,2
Beulah,202,2025-02-26T12:12:31Z,2025-02-26T01:13:36Z,GTAMix4,323,La Trobe,86,1
Beulah,202,2025-02-26T12:12:31Z,2025-02-26T01:13:36Z,GTAMix4,323,Maximus CL,13,2
Beulah,203,2025-02-26T12:35:19Z,2025-02-26T01:36:38Z,GTAMix5,311,La Trobe,77,1
Beulah,203,2025-02-26T12:35:19Z,2025-02-26T01:36:38Z,GTAMix5,311,Planet,23,2
Beulah,204,2025-02-26T12:39:54Z,2025-02-26T01:40:50Z,GTAMix6,246,Maximus CL,68,1
Beulah,204,2025-02-26T12:39:54Z,2025-02-26T01:40:50Z,GTAMix6,246,Planet,32,2
Beulah,205,2025-02-26T13:37:18Z,2025-02-26T02:38:22Z,GTAMix7,273,Spartacus CL,63,1
Beulah,205,2025-02-26T13:37:18Z,2025-02-26T02:38:22Z,GTAMix7,273,Planet,37,2
Beulah,207,2025-02-26T14:00:08Z,2025-02-26T03:01:24Z,GTAMix8,308,Planet,77,1
Beulah,207,2025-02-26T14:00:08Z,2025-02-26T03:01:24Z,GTAMix8,308,Maximus CL,23,2
Beulah,206,2025-02-26T13:48:10Z,2025-02-26T02:49:21Z,GTAMix9,302,Bass,60,1
Beulah,206,2025-02-26T13:48:10Z,2025-02-26T02:49:21Z,GTAMix9,302,La Trobe,39,2
Beulah,211,2025-02-26T14:32:57Z,2025-02-26T03:33:50Z,GTAPure1,285,Bass,100,1
Beulah,220,2025-02-26T15:42:26Z,2025-02-26T04:43:14Z,GTAPure10,263,Maximus CL,100,1
Beulah,219,2025-02-26T15:39:23Z,2025-02-26T04:40:36Z,GTAPure11,252,Commodus CL,99,1
Beulah,219,2025-02-26T15:39:23Z,2025-02-26T04:40:36Z,GTAPure11,252,Bass,1,2
Beulah,221,2025-02-26T16:05:28Z,2025-02-26T05:06:19Z,GTAPure12,241,Spartacus CL,100,1
Beulah,212,2025-02-26T14:39:50Z,2025-02-26T03:40:37Z,GTAPure2,324,La Trobe,100,1
Beulah,214,2025-02-26T14:59:37Z,2025-02-26T04:00:50Z,GTAPure3,230,Maximus CL,99,1
Beulah,214,2025-02-26T14:59:37Z,2025-02-26T04:00:50Z,GTAPure3,230,La Trobe,1,2
Beulah,213,2025-02-26T14:46:47Z,2025-02-26T03:47:44Z,GTAPure4,237,Commodus CL,100,1
Beulah,215,2025-02-26T15:04:39Z,2025-02-26T04:05:33Z,GTAPure5,289,Spartacus CL,100,1
Beulah,216,2025-02-26T15:16:29Z,2025-02-26T04:17:34Z,GTAPure6,335,Westminster,74,1
Beulah,216,2025-02-26T15:16:29Z,2025-02-26T04:17:34Z,GTAPure6,335,Planet,25,2
Beulah,217,2025-02-26T15:22:10Z,2025-02-26T04:23:20Z,GTAPure7,286,Planet,100,1
Beulah,218,2025-02-26T15:30:39Z,2025-02-26T04:31:42Z,GTAPure8,294,Bass,100,1
Beulah,222,2025-02-26T16:13:45Z,2025-02-26T05:14:42Z,GTAPure9,311,La Trobe,100,1
Deniliquin,639,2025-02-26T11:21:25Z,2025-02-26T00:22:32Z,GTAMix1,340,Bass,86,1
Deniliquin,639,2025-02-26T11:21:25Z,2025-02-26T00:22:32Z,GTAMix1,340,Maximus CL,13,2
Deniliquin,648,2025-02-26T13:53:07Z,2025-02-26T02:54:01Z,GTAMix10,309,Maximus CL,62,1
Deniliquin,648,2025-02-26T13:53:07Z,2025-02-26T02:54:01Z,GTAMix10,309,Bass,38,2
Deniliquin,649,2025-02-26T14:03:30Z,2025-02-26T03:04:28Z,GTAMix11,314,Maximus CL,53,1
Deniliquin,649,2025-02-26T14:03:30Z,2025-02-26T03:04:28Z,GTAMix11,314,La Trobe,47,2
Deniliquin,650,2025-02-26T14:15:37Z,2025-02-26T03:16:30Z,GTAMix12,299,Planet,52,1
Deniliquin,650,2025-02-26T14:15:37Z,2025-02-26T03:16:30Z,GTAMix12,299,Spartacus CL,48,2
Deniliquin,640,2025-02-26T11:32:05Z,2025-02-26T00:32:58Z,GTAMix2,344,Planet,86,1
Deniliquin,640,2025-02-26T11:32:05Z,2025-02-26T00:32:58Z,GTAMix2,344,Bass,14,2
Deniliquin,642,2025-02-26T12:09:15Z,2025-02-26T01:10:03Z,GTAMix3,273,Spartacus CL,77,1
Deniliquin,642,2025-02-26T12:09:15Z,2025-02-26T01:10:03Z,GTAMix3,273,Bass,23,2
Deniliquin,641,2025-02-26T12:00:43Z,2025-02-26T01:01:41Z,GTAMix4,352,La Trobe,84,1
Deniliquin,641,2025-02-26T12:00:43Z,2025-02-26T01:01:41Z,GTAMix4,352,Maximus CL,16,2
Deniliquin,643,2025-02-26T12:13:48Z,2025-02-26T01:14:46Z,GTAMix5,324,La Trobe,74,1
Deniliquin,643,2025-02-26T12:13:48Z,2025-02-26T01:14:46Z,GTAMix5,324,Planet,26,2
Deniliquin,644,2025-02-26T12:25:11Z,2025-02-26T01:26:15Z,GTAMix6,268,Maximus CL,69,1
Deniliquin,644,2025-02-26T12:25:11Z,2025-02-26T01:26:15Z,GTAMix6,268,Planet,30,2
Deniliquin,645,2025-02-26T12:34:34Z,2025-02-26T01:35:39Z,GTAMix7,307,Spartacus CL,67,1
Deniliquin,645,2025-02-26T12:34:34Z,2025-02-26T01:35:39Z,GTAMix7,307,Planet,32,2
Deniliquin,647,2025-02-26T13:43:12Z,2025-02-26T02:44:04Z,GTAMix8,319,Planet,74,1
Deniliquin,647,2025-02-26T13:43:12Z,2025-02-26T02:44:04Z,GTAMix8,319,Maximus CL,25,2
Deniliquin,646,2025-02-26T13:35:46Z,2025-02-26T02:36:46Z,GTAMix9,345,Bass,61,1
Deniliquin,646,2025-02-26T13:35:46Z,2025-02-26T02:36:46Z,GTAMix9,345,La Trobe,37,2
Deniliquin,651,2025-02-26T14:19:13Z,2025-02-26T03:20:10Z,GTAPure1,303,Bass,100,1
Deniliquin,660,2025-02-26T15:31:05Z,2025-02-26T04:32:13Z,GTAPure10,284,Maximus CL,100,1
Deniliquin,663,2025-02-26T15:54:31Z,2025-02-26T04:55:16Z,GTAPure11,259,Commodus CL,99,1
Deniliquin,663,2025-02-26T15:54:31Z,2025-02-26T04:55:16Z,GTAPure11,259,Bass,1,2
Deniliquin,662,2025-02-26T15:49:53Z,2025-02-26T04:51:06Z,GTAPure12,241,Spartacus CL,100,1
Deniliquin,653,2025-02-26T14:29:18Z,2025-02-26T03:30:05Z,GTAPure2,347,La Trobe,100,1
Deniliquin,655,2025-02-26T14:44:50Z,2025-02-26T03:45:39Z,GTAPure3,256,Maximus CL,100,1
Deniliquin,654,2025-02-26T14:38:43Z,2025-02-26T03:39:31Z,GTAPure4,255,Commodus CL,100,1
Deniliquin,656,2025-02-26T14:54:02Z,2025-02-26T03:55:04Z,GTAPure5,304,Spartacus CL,100,1
Deniliquin,659,2025-02-26T15:25:29Z,2025-02-26T04:26:28Z,GTAPure6,337,Westminster,71,1
Deniliquin,659,2025-02-26T15:25:29Z,2025-02-26T04:26:28Z,GTAPure6,337,Planet,26,2
Deniliquin,657,2025-02-26T15:08:58Z,2025-02-26T04:10:16Z,GTAPure7,295,Planet,100,1
Deniliquin,658,2025-02-26T15:14:58Z,2025-02-26T04:16:01Z,GTAPure8,301,Bass,100,1
Deniliquin,661,2025-02-26T15:46:32Z,2025-02-26T04:47:26Z,GTAPure9,295,La Trobe,92,1
Deniliquin,661,2025-02-26T15:46:32Z,2025-02-26T04:47:26Z,GTAPure9,295,Spartacus CL,4,2
Donald Bunker,644,2025-02-26T11:17:04Z,2025-02-26T00:18:09Z,GTAMix1,331,Bass,87,1
Donald Bunker,644,2025-02-26T11:17:04Z,2025-02-26T00:18:09Z,GTAMix1,331,Maximus CL,12,2
Donald Bunker,653,2025-02-26T13:51:00Z,2025-02-26T02:51:48Z,GTAMix10,318,Maximus CL,64,1
Donald Bunker,653,2025-02-26T13:51:00Z,2025-02-26T02:51:48Z,GTAMix10,318,Bass,36,2
Donald Bunker,654,2025-02-26T14:01:45Z,2025-02-26T03:02:45Z,GTAMix11,316,La Trobe,52,1
Donald Bunker,654,2025-02-26T14:01:45Z,2025-02-26T03:02:45Z,GTAMix11,316,Maximus CL,48,2
Donald Bunker,655,2025-02-26T14:12:57Z,2025-02-26T03:13:45Z,GTAMix12,293,Planet,54,1
Donald Bunker,655,2025-02-26T14:12:57Z,2025-02-26T03:13:45Z,GTAMix12,293,Spartacus CL,46,2
Donald Bunker,645,2025-02-26T11:30:12Z,2025-02-26T00:31:14Z,GTAMix2,346,Planet,83,1
Donald Bunker,645,2025-02-26T11:30:12Z,2025-02-26T00:31:14Z,GTAMix2,346,Bass,17,2
Donald Bunker,647,2025-02-26T12:06:30Z,2025-02-26T01:07:18Z,GTAMix3,304,Spartacus CL,76,1
Donald Bunker,647,2025-02-26T12:06:30Z,2025-02-26T01:07:18Z,GTAMix3,304,Bass,24,2
Donald Bunker,646,2025-02-26T11:58:23Z,2025-02-26T00:59:27Z,GTAMix4,314,La Trobe,83,1
Donald Bunker,646,2025-02-26T11:58:23Z,2025-02-26T00:59:27Z,GTAMix4,314,Maximus CL,17,2
Donald Bunker,648,2025-02-26T12:09:59Z,2025-02-26T01:10:58Z,GTAMix5,309,La Trobe,76,1
Donald Bunker,648,2025-02-26T12:09:59Z,2025-02-26T01:10:58Z,GTAMix5,309,Planet,24,2
Donald Bunker,649,2025-02-26T12:23:06Z,2025-02-26T01:24:02Z,GTAMix6,286,Maximus CL,72,1
Donald Bunker,649,2025-02-26T12:23:06Z,2025-02-26T01:24:02Z,GTAMix6,286,Planet,28,2
Donald Bunker,650,2025-02-26T12:32:05Z,2025-02-26T01:32:55Z,GTAMix7,310,Spartacus CL,68,1
Donald Bunker,650,2025-02-26T12:32:05Z,2025-02-26T01:32:55Z,GTAMix7,310,Planet,31,2
Donald Bunker,652,2025-02-26T13:39:25Z,2025-02-26T02:40:19Z,GTAMix8,319,Planet,74,1
Donald Bunker,652,2025-02-26T13:39:25Z,2025-02-26T02:40:19Z,GTAMix8,319,Maximus CL,26,2
Donald Bunker,651,2025-02-26T13:33:46Z,2025-02-26T02:35:05Z,GTAMix9,319,Bass,60,1
Donald Bunker,651,2025-02-26T13:33:46Z,2025-02-26T02:35:05Z,GTAMix9,319,La Trobe,39,2
Donald Bunker,656,2025-02-26T14:16:56Z,2025-02-26T03:17:55Z,GTAPure1,347,Bass,99,1
Donald Bunker,656,2025-02-26T14:16:56Z,2025-02-26T03:17:55Z,GTAPure1,347,La Trobe,1,2
Donald Bunker,664,2025-02-26T15:28:47Z,2025-02-26T04:29:59Z,GTAPure10,272,Maximus CL,100,1
Donald Bunker,667,2025-02-26T15:52:31Z,2025-02-26T04:53:36Z,GTAPure11,275,Commodus CL,99,1
Donald Bunker,666,2025-02-26T15:45:43Z,2025-02-26T04:46:47Z,GTAPure12,257,Spartacus CL,100,1
Donald Bunker,657,2025-02-26T14:25:55Z,2025-02-26T03:26:49Z,GTAPure2,340,La Trobe,100,1
Donald Bunker,659,2025-02-26T14:42:18Z,2025-02-26T03:43:32Z,GTAPure3,250,Maximus CL,99,1
Donald Bunker,659,2025-02-26T14:42:18Z,2025-02-26T03:43:32Z,GTAPure3,250,La Trobe,1,2
Donald Bunker,658,2025-02-26T14:36:58Z,2025-02-26T03:37:48Z,GTAPure4,263,Commodus CL,100,1
Donald Bunker,660,2025-02-26T14:52:10Z,2025-02-26T03:53:22Z,GTAPure5,321,Spartacus CL,100,1
Donald Bunker,663,2025-02-26T15:23:16Z,2025-02-26T04:24:14Z,GTAPure6,347,Westminster,65,1
Donald Bunker,663,2025-02-26T15:23:16Z,2025-02-26T04:24:14Z,GTAPure6,347,Planet,34,2
Donald Bunker,661,2025-02-26T15:06:48Z,2025-02-26T04:08:01Z,GTAPure7,294,Planet,100,1
Donald Bunker,662,2025-02-26T15:12:36Z,2025-02-26T04:13:47Z,GTAPure8,310,Bass,100,1
Donald Bunker,665,2025-02-26T15:43:09Z,2025-02-26T04:44:09Z,GTAPure9,316,La Trobe,100,1
Dunolly,731,NA,NA,GTAMix1,334,Bass,87,1
Dunolly,731,NA,NA,GTAMix1,334,Maximus CL,13,2
Dunolly,740,2025-02-26T13:47:33Z,2025-02-26T02:48:44Z,GTAMix10,276,Maximus CL,61,1
Dunolly,740,2025-02-26T13:47:33Z,2025-02-26T02:48:44Z,GTAMix10,276,Bass,39,2
Dunolly,741,2025-02-26T13:56:47Z,2025-02-26T02:57:40Z,GTAMix11,321,Maximus CL,54,1
Dunolly,741,2025-02-26T13:56:47Z,2025-02-26T02:57:40Z,GTAMix11,321,La Trobe,46,2
Dunolly,742,2025-02-26T14:09:45Z,2025-02-26T03:10:45Z,GTAMix12,272,Planet,52,1
Dunolly,742,2025-02-26T14:09:45Z,2025-02-26T03:10:45Z,GTAMix12,272,Spartacus CL,48,2
Dunolly,732,2025-02-26T11:47:54Z,2025-02-26T00:49:05Z,GTAMix2,338,Planet,87,1
Dunolly,732,2025-02-26T11:47:54Z,2025-02-26T00:49:05Z,GTAMix2,338,Bass,13,2
Dunolly,735,2025-02-26T12:11:52Z,2025-02-26T01:12:45Z,GTAMix3,267,Spartacus CL,78,1
Dunolly,735,2025-02-26T12:11:52Z,2025-02-26T01:12:45Z,GTAMix3,267,Bass,22,2
Dunolly,733,2025-02-26T11:55:37Z,2025-02-26T00:56:28Z,GTAMix4,332,La Trobe,85,1
Dunolly,733,2025-02-26T11:55:37Z,2025-02-26T00:56:28Z,GTAMix4,332,Maximus CL,15,2
Dunolly,734,2025-02-26T12:03:54Z,2025-02-26T01:04:51Z,GTAMix5,322,La Trobe,77,1
Dunolly,734,2025-02-26T12:03:54Z,2025-02-26T01:04:51Z,GTAMix5,322,Planet,23,2
Dunolly,736,2025-02-26T12:20:57Z,2025-02-26T01:21:43Z,GTAMix6,284,Maximus CL,72,1
Dunolly,736,2025-02-26T12:20:57Z,2025-02-26T01:21:43Z,GTAMix6,284,Planet,28,2
Dunolly,737,2025-02-26T12:28:53Z,2025-02-26T01:30:05Z,GTAMix7,291,Spartacus CL,66,1
Dunolly,737,2025-02-26T12:28:53Z,2025-02-26T01:30:05Z,GTAMix7,291,Planet,34,2
Dunolly,739,2025-02-26T13:35:13Z,2025-02-26T02:36:05Z,GTAMix8,293,Planet,74,1
Dunolly,739,2025-02-26T13:35:13Z,2025-02-26T02:36:05Z,GTAMix8,293,Maximus CL,26,2
Dunolly,738,NA,NA,GTAMix9,343,Bass,60,1
Dunolly,738,NA,NA,GTAMix9,343,La Trobe,39,2
Dunolly,743,2025-02-26T14:14:18Z,2025-02-26T03:15:28Z,GTAPure1,302,Bass,100,1
Dunolly,753,2025-02-26T15:46:26Z,2025-02-26T04:47:12Z,GTAPure10,286,Maximus CL,100,1
Dunolly,754,2025-02-26T15:50:03Z,2025-02-26T04:50:54Z,GTAPure11,259,Commodus CL,100,1
Dunolly,752,2025-02-26T15:42:25Z,2025-02-26T04:43:31Z,GTAPure12,211,Spartacus CL,100,1
Dunolly,744,2025-02-26T14:23:36Z,2025-02-26T03:24:53Z,GTAPure2,342,La Trobe,100,1
Dunolly,745,2025-02-26T00:00:00Z,2025-02-26T00:00:00Z,GTAPure3,246,Maximus CL,99,1
Dunolly,745,2025-02-26T00:00:00Z,2025-02-26T00:00:00Z,GTAPure3,246,La Trobe,1,2
Dunolly,746,2025-02-26T00:00:00Z,2025-02-26T00:00:00Z,GTAPure4,232,Commodus CL,100,1
Dunolly,747,2025-02-26T00:00:00Z,2025-02-26T00:00:00Z,GTAPure5,320,Spartacus CL,100,1
Dunolly,750,2025-02-26T15:21:20Z,2025-02-26T04:22:28Z,GTAPure6,322,Westminster,74,1
Dunolly,750,2025-02-26T15:21:20Z,2025-02-26T04:22:28Z,GTAPure6,322,Planet,26,2
Dunolly,748,2025-02-26T15:04:32Z,2025-02-26T04:05:40Z,GTAPure7,275,Planet,100,1
Dunolly,749,2025-02-26T15:09:48Z,2025-02-26T04:10:55Z,GTAPure8,308,Bass,100,1
Dunolly,751,2025-02-26T15:39:04Z,2025-02-26T04:40:21Z,GTAPure9,308,La Trobe,100,1
Manangatang,232,2025-02-26T11:29:00Z,2025-02-26T00:32:00Z,GTAMix1,275,Bass,87,1
Manangatang,232,2025-02-26T11:29:00Z,2025-02-26T00:32:00Z,GTAMix1,275,Maximus CL,12,2
Manangatang,241,2025-02-26T13:59:17Z,2025-02-26T03:00:19Z,GTAMix10,264,Maximus CL,64,1
Manangatang,241,2025-02-26T13:59:17Z,2025-02-26T03:00:19Z,GTAMix10,264,Bass,35,2
Manangatang,242,2025-02-26T14:09:03Z,2025-02-26T03:10:13Z,GTAMix11,293,Maximus CL,52,1
Manangatang,242,2025-02-26T14:09:03Z,2025-02-26T03:10:13Z,GTAMix11,293,La Trobe,48,2
Manangatang,243,2025-02-26T14:21:10Z,2025-02-26T03:26:43Z,GTAMix12,238,Planet,52,1
Manangatang,243,2025-02-26T14:21:10Z,2025-02-26T03:26:43Z,GTAMix12,238,Spartacus CL,48,2
Manangatang,233,2025-02-26T11:36:14Z,2025-02-26T00:40:40Z,GTAMix2,324,Planet,85,1
Manangatang,233,2025-02-26T11:36:14Z,2025-02-26T00:40:40Z,GTAMix2,324,Bass,15,2
Manangatang,234,2025-02-26T11:59:58Z,2025-02-26T01:01:11Z,GTAMix3,234,Spartacus CL,79,1
Manangatang,234,2025-02-26T11:59:58Z,2025-02-26T01:01:11Z,GTAMix3,234,Bass,21,2
Manangatang,235,2025-02-26T12:06:09Z,2025-02-26T01:10:38Z,GTAMix4,340,La Trobe,84,1
Manangatang,235,2025-02-26T12:06:09Z,2025-02-26T01:10:38Z,GTAMix4,340,Maximus CL,16,2
Manangatang,236,2025-02-26T12:22:57Z,2025-02-26T01:24:11Z,GTAMix5,301,La Trobe,77,1
Manangatang,236,2025-02-26T12:22:57Z,2025-02-26T01:24:11Z,GTAMix5,301,Planet,23,2
Manangatang,237,2025-02-26T12:30:01Z,2025-02-26T01:31:16Z,GTAMix6,264,Maximus CL,70,1
Manangatang,237,2025-02-26T12:30:01Z,2025-02-26T01:31:16Z,GTAMix6,264,Planet,30,2
Manangatang,238,2025-02-26T13:27:44Z,2025-02-26T02:28:42Z,GTAMix7,247,Spartacus CL,66,1
Manangatang,238,2025-02-26T13:27:44Z,2025-02-26T02:28:42Z,GTAMix7,247,Planet,34,2
Manangatang,240,2025-02-26T13:50:24Z,2025-02-26T02:51:25Z,GTAMix8,276,Planet,74,1
Manangatang,240,2025-02-26T13:50:24Z,2025-02-26T02:51:25Z,GTAMix8,276,Maximus CL,26,2
Manangatang,239,2025-02-26T13:41:06Z,2025-02-26T02:42:03Z,GTAMix9,312,Bass,61,1
Manangatang,239,2025-02-26T13:41:06Z,2025-02-26T02:42:03Z,GTAMix9,312,La Trobe,38,2
Manangatang,244,2025-02-26T14:26:12Z,2025-02-26T03:27:14Z,GTAPure1,283,Bass,99,1
Manangatang,244,2025-02-26T14:26:12Z,2025-02-26T03:27:14Z,GTAPure1,283,Spartacus CL,1,2
Manangatang,252,2025-02-26T15:36:30Z,2025-02-26T04:37:41Z,GTAPure10,264,Maximus CL,100,1
Manangatang,253,2025-02-26T15:42:13Z,2025-02-26T04:43:24Z,GTAPure11,239,Commodus CL,99,1
Manangatang,253,2025-02-26T15:42:13Z,2025-02-26T04:43:24Z,GTAPure11,239,Bass,1,2
Manangatang,254,2025-02-26T15:55:59Z,2025-02-26T05:01:45Z,GTAPure12,221,Spartacus CL,100,1
Manangatang,245,2025-02-26T14:35:11Z,2025-02-26T03:36:05Z,GTAPure2,343,La Trobe,100,1
Manangatang,246,2025-02-26T14:50:26Z,2025-02-26T03:51:18Z,GTAPure3,217,Maximus CL,99,1
Manangatang,246,2025-02-26T14:50:26Z,2025-02-26T03:51:18Z,GTAPure3,217,La Trobe,1,2
Manangatang,247,2025-02-26T14:55:38Z,2025-02-26T03:56:34Z,GTAPure4,249,Commodus CL,100,1
Manangatang,248,2025-02-26T14:58:52Z,2025-02-26T03:59:42Z,GTAPure5,266,Spartacus CL,100,1
Manangatang,251,2025-02-26T15:30:32Z,2025-02-26T04:33:29Z,GTAPure6,307,Westminster,64,1
Manangatang,251,2025-02-26T15:30:32Z,2025-02-26T04:33:29Z,GTAPure6,307,Planet,35,2
Manangatang,249,2025-02-26T15:13:47Z,2025-02-26T04:14:59Z,GTAPure7,293,Planet,100,1
Manangatang,250,2025-02-26T15:21:38Z,2025-02-26T04:24:41Z,GTAPure8,290,Bass,100,1
Manangatang,255,2025-02-26T16:08:32Z,2025-02-26T05:11:38Z,GTAPure9,337,La Trobe,99,1
Manangatang,255,2025-02-26T16:08:32Z,2025-02-26T05:11:38Z,GTAPure9,337,Maximus CL,1,2
Murtoa South,1082,2025-02-26T11:32:57Z,2025-02-26T05:16:07Z,GTAMix1,302,Bass,87,1
Murtoa South,1082,2025-02-26T11:32:57Z,2025-02-26T05:16:07Z,GTAMix1,302,Maximus CL,12,2
Murtoa South,1091,2025-02-26T14:02:08Z,2025-02-26T05:16:05Z,GTAMix10,285,Maximus CL,60,1
Murtoa South,1091,2025-02-26T14:02:08Z,2025-02-26T05:16:05Z,GTAMix10,285,Bass,40,2
Murtoa South,1092,2025-02-26T14:11:33Z,2025-02-26T05:16:05Z,GTAMix11,314,Maximus CL,54,1
Murtoa South,1092,2025-02-26T14:11:33Z,2025-02-26T05:16:05Z,GTAMix11,314,La Trobe,46,2
Murtoa South,1093,2025-02-26T14:18:16Z,2025-02-26T05:16:05Z,GTAMix12,298,Planet,51,1
Murtoa South,1093,2025-02-26T14:18:16Z,2025-02-26T05:16:05Z,GTAMix12,298,Spartacus CL,49,2
Murtoa South,1083,2025-02-26T11:38:26Z,2025-02-26T05:16:07Z,GTAMix2,327,Planet,86,1
Murtoa South,1083,2025-02-26T11:38:26Z,2025-02-26T05:16:07Z,GTAMix2,327,Bass,14,2
Murtoa South,1084,2025-02-26T11:56:47Z,2025-02-26T05:16:06Z,GTAMix3,246,Spartacus CL,79,1
Murtoa South,1084,2025-02-26T11:56:47Z,2025-02-26T05:16:06Z,GTAMix3,246,Bass,21,2
Murtoa South,1085,2025-02-26T12:03:37Z,2025-02-26T05:16:06Z,GTAMix4,314,La Trobe,86,1
Murtoa South,1085,2025-02-26T12:03:37Z,2025-02-26T05:16:06Z,GTAMix4,314,Maximus CL,14,2
Murtoa South,1086,2025-02-26T12:27:42Z,2025-02-26T05:16:06Z,GTAMix5,310,La Trobe,77,1
Murtoa South,1086,2025-02-26T12:27:42Z,2025-02-26T05:16:06Z,GTAMix5,310,Planet,23,2
Murtoa South,1087,2025-02-26T12:32:08Z,2025-02-26T05:16:06Z,GTAMix6,267,Maximus CL,70,1
Murtoa South,1087,2025-02-26T12:32:08Z,2025-02-26T05:16:06Z,GTAMix6,267,Planet,29,2
Murtoa South,1088,2025-02-26T13:30:40Z,2025-02-26T05:16:06Z,GTAMix7,231,Spartacus CL,65,1
Murtoa South,1088,2025-02-26T13:30:40Z,2025-02-26T05:16:06Z,GTAMix7,231,Planet,34,2
Murtoa South,1090,2025-02-26T13:54:09Z,2025-02-26T05:16:05Z,GTAMix8,292,Planet,76,1
Murtoa South,1090,2025-02-26T13:54:09Z,2025-02-26T05:16:05Z,GTAMix8,292,Maximus CL,24,2
Murtoa South,1089,2025-02-26T13:43:45Z,2025-02-26T05:16:05Z,GTAMix9,308,Bass,58,1
Murtoa South,1089,2025-02-26T13:43:45Z,2025-02-26T05:16:05Z,GTAMix9,308,La Trobe,37,2
Murtoa South,1094,2025-02-26T14:23:04Z,2025-02-26T05:16:05Z,GTAPure1,286,Bass,99,1
Murtoa South,1094,2025-02-26T14:23:04Z,2025-02-26T05:16:05Z,GTAPure1,286,Spartacus CL,1,2
Murtoa South,1103,2025-02-26T15:38:25Z,2025-02-26T05:16:02Z,GTAPure10,262,Maximus CL,100,1
Murtoa South,1102,2025-02-26T15:35:17Z,2025-02-26T05:16:03Z,GTAPure11,271,Commodus CL,99,1
Murtoa South,1102,2025-02-26T15:35:17Z,2025-02-26T05:16:03Z,GTAPure11,271,Planet,1,2
Murtoa South,1104,2025-02-26T15:52:57Z,2025-02-26T05:16:01Z,GTAPure12,226,Spartacus CL,100,1
Murtoa South,1095,2025-02-26T14:32:07Z,2025-02-26T05:16:04Z,GTAPure2,328,La Trobe,98,1
Murtoa South,1095,2025-02-26T14:32:07Z,2025-02-26T05:16:04Z,GTAPure2,328,Spartacus CL,2,2
Murtoa South,1096,2025-02-26T14:47:45Z,2025-02-26T05:16:04Z,GTAPure3,223,Maximus CL,100,1
Murtoa South,1097,2025-02-26T14:51:49Z,2025-02-26T05:16:04Z,GTAPure4,204,Commodus CL,100,1
Murtoa South,1098,2025-02-26T14:56:42Z,2025-02-26T05:16:04Z,GTAPure5,290,Spartacus CL,100,1
Murtoa South,1099,2025-02-26T15:11:56Z,2025-02-26T05:16:04Z,GTAPure6,326,Westminster,78,1
Murtoa South,1099,2025-02-26T15:11:56Z,2025-02-26T05:16:04Z,GTAPure6,326,Planet,21,2
Murtoa South,1100,2025-02-26T15:16:28Z,2025-02-26T05:16:04Z,GTAPure7,284,Planet,100,1
Murtoa South,1101,2025-02-26T15:19:08Z,2025-02-26T05:16:03Z,GTAPure8,321,Bass,100,1
Murtoa South,1105,2025-02-26T16:02:43Z,2025-02-26T05:16:01Z,GTAPure9,328,La Trobe,98,1
Murtoa South,1105,2025-02-26T16:02:43Z,2025-02-26T05:16:01Z,GTAPure9,328,Spartacus CL,2,2
Piangil,303,2025-02-25T21:25:54Z,2025-02-26T00:27:12Z,GTAMix1,316,Bass,87,1
Piangil,303,2025-02-25T21:25:54Z,2025-02-26T00:27:12Z,GTAMix1,316,Maximus CL,13,2
Piangil,313,2025-02-25T23:56:21Z,2025-02-26T02:57:25Z,GTAMix10,269,Maximus CL,64,1
Piangil,313,2025-02-25T23:56:21Z,2025-02-26T02:57:25Z,GTAMix10,269,Bass,36,2
Piangil,314,2025-02-26T00:06:10Z,2025-02-26T03:07:20Z,GTAMix11,312,Maximus CL,53,1
Piangil,314,2025-02-26T00:06:10Z,2025-02-26T03:07:20Z,GTAMix11,312,La Trobe,47,2
Piangil,315,2025-02-26T00:23:57Z,2025-02-26T03:25:03Z,GTAMix12,246,Planet,54,1
Piangil,315,2025-02-26T00:23:57Z,2025-02-26T03:25:03Z,GTAMix12,246,Spartacus CL,46,2
Piangil,304,2025-02-25T21:34:11Z,2025-02-26T00:35:32Z,GTAMix2,320,Planet,86,1
Piangil,304,2025-02-25T21:34:11Z,2025-02-26T00:35:32Z,GTAMix2,320,Bass,14,2
Piangil,305,2025-02-25T22:03:12Z,2025-02-26T01:04:14Z,GTAMix3,239,Spartacus CL,76,1
Piangil,305,2025-02-25T22:03:12Z,2025-02-26T01:04:14Z,GTAMix3,239,Bass,24,2
Piangil,307,2025-02-25T22:09:06Z,2025-02-26T01:10:30Z,GTAMix4,344,La Trobe,84,1
Piangil,307,2025-02-25T22:09:06Z,2025-02-26T01:10:30Z,GTAMix4,344,Maximus CL,13,2
Piangil,308,2025-02-25T22:17:22Z,2025-02-26T01:18:19Z,GTAMix5,265,La Trobe,73,1
Piangil,308,2025-02-25T22:17:22Z,2025-02-26T01:18:19Z,GTAMix5,265,Planet,26,2
Piangil,309,2025-02-25T22:27:47Z,2025-02-26T01:28:45Z,GTAMix6,246,Maximus CL,67,1
Piangil,309,2025-02-25T22:27:47Z,2025-02-26T01:28:45Z,GTAMix6,246,Planet,32,2
Piangil,323,2025-02-26T01:28:18Z,2025-02-26T04:29:30Z,GTAPure6,284,Westminster,85,1
Piangil,323,2025-02-26T01:28:18Z,2025-02-26T04:29:30Z,GTAPure6,284,Planet,14,2
Piangil,310,2025-02-25T22:38:42Z,2025-02-26T01:39:43Z,GTAMix7,247,Spartacus CL,65,1
Piangil,310,2025-02-25T22:38:42Z,2025-02-26T01:39:43Z,GTAMix7,247,Planet,35,2
Piangil,312,2025-02-25T23:46:55Z,2025-02-26T02:48:02Z,GTAMix8,281,Planet,74,1
Piangil,312,2025-02-25T23:46:55Z,2025-02-26T02:48:02Z,GTAMix8,281,Maximus CL,25,2
Piangil,311,2025-02-25T23:38:48Z,2025-02-26T02:40:13Z,GTAMix9,311,Bass,59,1
Piangil,311,2025-02-25T23:38:48Z,2025-02-26T02:40:13Z,GTAMix9,311,La Trobe,38,2
Piangil,316,2025-02-26T00:28:10Z,2025-02-26T03:29:13Z,GTAPure1,287,Bass,99,1
Piangil,316,2025-02-26T00:28:10Z,2025-02-26T03:29:13Z,GTAPure1,287,Spartacus CL,1,2
Piangil,324,2025-02-26T01:34:22Z,2025-02-26T04:35:15Z,GTAPure10,266,Maximus CL,100,1
Piangil,325,2025-02-26T01:44:36Z,2025-02-26T04:45:45Z,GTAPure11,256,Commodus CL,100,1
Piangil,327,2025-02-26T01:59:02Z,2025-02-26T04:59:54Z,GTAPure12,227,Spartacus CL,100,1
Piangil,317,2025-02-26T00:37:40Z,2025-02-26T03:38:37Z,GTAPure2,318,La Trobe,98,1
Piangil,317,2025-02-26T00:37:40Z,2025-02-26T03:38:37Z,GTAPure2,318,Spartacus CL,2,2
Piangil,318,2025-02-26T00:53:37Z,2025-02-26T03:55:03Z,GTAPure3,222,Maximus CL,100,1
Piangil,319,2025-02-26T00:58:06Z,2025-02-26T03:59:13Z,GTAPure4,221,Commodus CL,100,1
Piangil,320,2025-02-26T01:01:34Z,2025-02-26T04:02:53Z,GTAPure5,283,Spartacus CL,100,1
Piangil,321,2025-02-26T01:11:34Z,2025-02-26T04:12:48Z,GTAPure7,249,Planet,100,1
Piangil,322,2025-02-26T01:24:29Z,2025-02-26T04:25:51Z,GTAPure8,282,Bass,100,1
Piangil,326,2025-02-26T01:55:22Z,2025-02-26T04:56:45Z,GTAPure9,335,La Trobe,93,1
Piangil,326,2025-02-26T01:55:22Z,2025-02-26T04:56:45Z,GTAPure9,335,Spartacus CL,4,2
Quambatook,1427,2025-02-26T11:08:10Z,2025-02-26T05:13:52Z,GTAMix1,322,Bass,84,1
Quambatook,1427,2025-02-26T11:08:10Z,2025-02-26T05:13:52Z,GTAMix1,322,Maximus CL,16,2
Quambatook,1436,2025-02-26T13:40:44Z,2025-02-26T05:13:50Z,GTAMix10,277,Maximus CL,60,1
Quambatook,1436,2025-02-26T13:40:44Z,2025-02-26T05:13:50Z,GTAMix10,277,Bass,40,2
Quambatook,1438,2025-02-26T13:52:54Z,2025-02-26T05:13:49Z,GTAMix11,318,Maximus CL,55,1
Quambatook,1438,2025-02-26T13:52:54Z,2025-02-26T05:13:49Z,GTAMix11,318,La Trobe,45,2
Quambatook,1439,2025-02-26T14:03:49Z,2025-02-26T05:13:48Z,GTAMix12,320,Planet,51,1
Quambatook,1439,2025-02-26T14:03:49Z,2025-02-26T05:13:48Z,GTAMix12,320,Spartacus CL,49,2
Quambatook,1428,2025-02-26T11:25:35Z,2025-02-26T05:13:51Z,GTAMix2,346,Planet,87,1
Quambatook,1428,2025-02-26T11:25:35Z,2025-02-26T05:13:51Z,GTAMix2,346,Bass,13,2
Quambatook,1431,2025-02-26T12:17:35Z,2025-02-26T05:13:51Z,GTAMix3,269,Spartacus CL,79,1
Quambatook,1431,2025-02-26T12:17:35Z,2025-02-26T05:13:51Z,GTAMix3,269,Bass,21,2
Quambatook,1429,2025-02-26T11:50:27Z,2025-02-26T05:13:51Z,GTAMix4,334,La Trobe,83,1
Quambatook,1429,2025-02-26T11:50:27Z,2025-02-26T05:13:51Z,GTAMix4,334,Maximus CL,17,2
Quambatook,1430,2025-02-26T11:53:51Z,2025-02-26T05:13:51Z,GTAMix5,341,La Trobe,75,1
Quambatook,1430,2025-02-26T11:53:51Z,2025-02-26T05:13:51Z,GTAMix5,341,Planet,25,2
Quambatook,1433,2025-02-26T12:34:07Z,2025-02-26T05:13:51Z,GTAMix6,280,Maximus CL,72,1
Quambatook,1433,2025-02-26T12:34:07Z,2025-02-26T05:13:51Z,GTAMix6,280,Planet,28,2
Quambatook,1432,2025-02-26T12:22:14Z,2025-02-26T05:13:51Z,GTAMix7,300,Spartacus CL,68,1
Quambatook,1432,2025-02-26T12:22:14Z,2025-02-26T05:13:51Z,GTAMix7,300,Planet,32,2
Quambatook,1435,2025-02-26T13:27:46Z,2025-02-26T05:13:50Z,GTAMix8,315,Planet,74,1
Quambatook,1435,2025-02-26T13:27:46Z,2025-02-26T05:13:50Z,GTAMix8,315,Maximus CL,26,2
Quambatook,1437,2025-02-26T13:50:38Z,2025-02-26T05:13:50Z,GTAMix9,334,Bass,60,1
Quambatook,1437,2025-02-26T13:50:38Z,2025-02-26T05:13:50Z,GTAMix9,334,La Trobe,39,2
Quambatook,1415,2025-02-26T09:56:30Z,2025-02-26T05:13:53Z,GTAPure1,317,Bass,99,1
Quambatook,1415,2025-02-26T09:56:30Z,2025-02-26T05:13:53Z,GTAPure1,317,Maximus CL,1,2
Quambatook,1424,2025-02-26T10:31:37Z,2025-02-26T05:13:52Z,GTAPure10,281,Maximus CL,100,1
Quambatook,1440,2025-02-26T15:59:08Z,2025-02-26T05:13:48Z,GTAPure10 - Repeat1,317,Maximus CL,100,1
Quambatook,1441,2025-02-26T16:01:26Z,2025-02-26T05:13:47Z,GTAPure10 - Repeat2,295,Maximus CL,100,1
Quambatook,1442,2025-02-26T16:03:29Z,2025-02-26T05:13:46Z,GTAPure10 - Repeat3,309,Maximus CL,100,1
Quambatook,1425,2025-02-26T10:35:04Z,2025-02-26T05:13:52Z,GTAPure11,284,Commodus CL,100,1
Quambatook,1426,2025-02-26T10:39:03Z,2025-02-26T05:13:52Z,GTAPure12,253,Spartacus CL,100,1
Quambatook,1416,2025-02-26T10:01:07Z,2025-02-26T05:13:53Z,GTAPure2,314,La Trobe,100,1
Quambatook,1417,2025-02-26T10:04:39Z,2025-02-26T05:13:53Z,GTAPure3,240,Maximus CL,100,1
Quambatook,1418,2025-02-26T10:08:57Z,2025-02-26T05:13:53Z,GTAPure4,256,Commodus CL,100,1
Quambatook,1419,2025-02-26T10:13:02Z,2025-02-26T05:13:53Z,GTAPure5,286,Spartacus CL,100,1
Quambatook,1420,2025-02-26T10:16:42Z,2025-02-26T05:13:53Z,GTAPure6,321,Westminster,68,1
Quambatook,1420,2025-02-26T10:16:42Z,2025-02-26T05:13:53Z,GTAPure6,321,Planet,31,2
Quambatook,1421,2025-02-26T10:21:09Z,2025-02-26T05:13:53Z,GTAPure7,339,Planet,100,1
Quambatook,1422,2025-02-26T10:24:46Z,2025-02-26T05:13:53Z,GTAPure8,298,Bass,99,1
Quambatook,1422,2025-02-26T10:24:46Z,2025-02-26T05:13:53Z,GTAPure8,298,Maximus CL,1,2
Quambatook,1423,2025-02-26T10:28:03Z,2025-02-26T05:13:52Z,GTAPure9,275,La Trobe,100,1
Ultima,385,2025-02-26T08:36:16Z,2025-02-26T00:37:33Z,GTAMix1,294,Bass,86,1
Ultima,385,2025-02-26T08:36:16Z,2025-02-26T00:37:33Z,GTAMix1,294,Maximus CL,13,2
Ultima,394,2025-02-26T11:04:54Z,2025-02-26T03:06:08Z,GTAMix10,259,Maximus CL,63,1
Ultima,394,2025-02-26T11:04:54Z,2025-02-26T03:06:08Z,GTAMix10,259,Bass,37,2
Ultima,395,2025-02-26T11:14:00Z,2025-02-26T03:15:03Z,GTAMix11,317,Maximus CL,51,1
Ultima,395,2025-02-26T11:14:00Z,2025-02-26T03:15:03Z,GTAMix11,317,La Trobe,49,2
Ultima,396,2025-02-26T11:26:50Z,2025-02-26T03:28:07Z,GTAMix12,287,Planet,51,1
Ultima,396,2025-02-26T11:26:50Z,2025-02-26T03:28:07Z,GTAMix12,287,Spartacus CL,48,2
Ultima,386,2025-02-26T08:40:30Z,2025-02-26T00:41:44Z,GTAMix2,331,Planet,85,1
Ultima,386,2025-02-26T08:40:30Z,2025-02-26T00:41:44Z,GTAMix2,331,Bass,15,2
Ultima,387,2025-02-26T08:53:49Z,2025-02-26T00:54:50Z,GTAMix3,251,Spartacus CL,78,1
Ultima,387,2025-02-26T08:53:49Z,2025-02-26T00:54:50Z,GTAMix3,251,Bass,22,2
Ultima,388,2025-02-26T09:15:08Z,2025-02-26T01:16:16Z,GTAMix4,353,La Trobe,86,1
Ultima,388,2025-02-26T09:15:08Z,2025-02-26T01:16:16Z,GTAMix4,353,Maximus CL,14,2
Ultima,389,2025-02-26T09:31:22Z,2025-02-26T01:32:31Z,GTAMix5,315,La Trobe,79,1
Ultima,389,2025-02-26T09:31:22Z,2025-02-26T01:32:31Z,GTAMix5,315,Planet,21,2
Ultima,390,2025-02-26T09:37:56Z,2025-02-26T01:38:48Z,GTAMix6,277,Maximus CL,68,1
Ultima,390,2025-02-26T09:37:56Z,2025-02-26T01:38:48Z,GTAMix6,277,Planet,32,2
Ultima,391,2025-02-26T10:34:22Z,2025-02-26T02:35:49Z,GTAMix7,281,Spartacus CL,64,1
Ultima,391,2025-02-26T10:34:22Z,2025-02-26T02:35:49Z,GTAMix7,281,Planet,35,2
Ultima,393,2025-02-26T10:57:07Z,2025-02-26T02:58:17Z,GTAMix8,315,Planet,75,1
Ultima,393,2025-02-26T10:57:07Z,2025-02-26T02:58:17Z,GTAMix8,315,Maximus CL,25,2
Ultima,392,2025-02-26T10:46:01Z,2025-02-26T02:47:19Z,GTAMix9,331,Bass,60,1
Ultima,392,2025-02-26T10:46:01Z,2025-02-26T02:47:19Z,GTAMix9,331,La Trobe,40,2
Ultima,397,2025-02-26T11:30:50Z,2025-02-26T03:31:49Z,GTAPure1,300,Bass,100,1
Ultima,406,2025-02-26T12:40:50Z,2025-02-26T04:42:10Z,GTAPure10,263,Maximus CL,100,1
Ultima,405,2025-02-26T12:37:25Z,2025-02-26T04:38:29Z,GTAPure11,285,Commodus CL,100,1
Ultima,407,2025-02-26T13:02:38Z,2025-02-26T05:03:41Z,GTAPure12,243,Spartacus CL,100,1
Ultima,398,2025-02-26T11:42:19Z,2025-02-26T03:43:19Z,GTAPure2,310,La Trobe,100,1
Ultima,400,2025-02-26T11:56:42Z,2025-02-26T03:57:35Z,GTAPure3,224,Maximus CL,99,1
Ultima,400,2025-02-26T11:56:42Z,2025-02-26T03:57:35Z,GTAPure3,224,La Trobe,1,2
Ultima,399,2025-02-26T11:49:10Z,2025-02-26T03:50:16Z,GTAPure4,225,Commodus CL,100,1
Ultima,401,2025-02-26T12:06:45Z,2025-02-26T04:08:05Z,GTAPure5,307,Spartacus CL,100,1
Ultima,402,2025-02-26T12:14:09Z,2025-02-26T04:15:26Z,GTAPure6,340,Westminster,68,1
Ultima,402,2025-02-26T12:14:09Z,2025-02-26T04:15:26Z,GTAPure6,340,Planet,31,2
Ultima,403,2025-02-26T12:19:29Z,2025-02-26T04:20:40Z,GTAPure7,290,Planet,100,1
Ultima,404,2025-02-26T12:27:34Z,2025-02-26T04:28:31Z,GTAPure8,294,Bass,100,1
Ultima,408,2025-02-26T13:19:00Z,2025-02-26T05:20:28Z,GTAPure9,323,La Trobe,99,1
Warracknabeal,1635,2025-02-26T11:12:54Z,2025-02-26T05:14:35Z,GTAMix1,314,Bass,89,1
Warracknabeal,1635,2025-02-26T11:12:54Z,2025-02-26T05:14:35Z,GTAMix1,314,Maximus CL,11,2
Warracknabeal,1644,2025-02-26T13:45:13Z,2025-02-26T05:14:34Z,GTAMix10,282,Maximus CL,60,1
Warracknabeal,1644,2025-02-26T13:45:13Z,2025-02-26T05:14:34Z,GTAMix10,282,Bass,40,2
Warracknabeal,1645,2025-02-26T13:54:48Z,2025-02-26T05:14:34Z,GTAMix11,262,La Trobe,50,1
Warracknabeal,1645,2025-02-26T13:54:48Z,2025-02-26T05:14:34Z,GTAMix11,262,Maximus CL,48,2
Warracknabeal,1646,2025-02-26T14:07:12Z,2025-02-26T05:14:34Z,GTAMix12,273,Planet,54,1
Warracknabeal,1646,2025-02-26T14:07:12Z,2025-02-26T05:14:34Z,GTAMix12,273,Spartacus CL,46,2
Warracknabeal,1660,2025-02-27T09:39:00Z,2025-02-26T22:40:00Z,GTAMix2,351,Planet,85,1
Warracknabeal,1660,2025-02-27T09:39:00Z,2025-02-26T22:40:00Z,GTAMix2,351,Bass,15,2
Warracknabeal,1639,2025-02-26T12:14:56Z,2025-02-26T05:14:35Z,GTAMix3,227,Spartacus CL,77,1
Warracknabeal,1639,2025-02-26T12:14:56Z,2025-02-26T05:14:35Z,GTAMix3,227,Bass,23,2
Warracknabeal,1637,2025-02-26T11:53:02Z,2025-02-26T05:14:35Z,GTAMix4,271,La Trobe,87,1
Warracknabeal,1637,2025-02-26T11:53:02Z,2025-02-26T05:14:35Z,GTAMix4,271,Maximus CL,13,2
Warracknabeal,1638,2025-02-26T11:59:23Z,2025-02-26T05:14:35Z,GTAMix5,331,La Trobe,76,1
Warracknabeal,1638,2025-02-26T11:59:23Z,2025-02-26T05:14:35Z,GTAMix5,331,Planet,23,2
Warracknabeal,1640,2025-02-26T12:18:53Z,2025-02-26T05:14:35Z,GTAMix6,251,Maximus CL,69,1
Warracknabeal,1640,2025-02-26T12:18:53Z,2025-02-26T05:14:35Z,GTAMix6,251,Planet,31,2
Warracknabeal,1641,2025-02-26T12:25:35Z,2025-02-26T05:14:34Z,GTAMix7,243,Spartacus CL,60,1
Warracknabeal,1641,2025-02-26T12:25:35Z,2025-02-26T05:14:34Z,GTAMix7,243,Planet,39,2
Warracknabeal,1643,2025-02-26T13:31:46Z,2025-02-26T05:14:34Z,GTAMix8,245,Planet,74,1
Warracknabeal,1643,2025-02-26T13:31:46Z,2025-02-26T05:14:34Z,GTAMix8,245,Maximus CL,26,2
Warracknabeal,1642,2025-02-26T13:28:53Z,2025-02-26T05:14:34Z,GTAMix9,303,Bass,61,1
Warracknabeal,1642,2025-02-26T13:28:53Z,2025-02-26T05:14:34Z,GTAMix9,303,La Trobe,37,2
Warracknabeal,1647,2025-02-26T14:11:08Z,2025-02-26T05:14:33Z,GTAPure1,251,Bass,100,1
Warracknabeal,1657,2025-02-26T15:44:49Z,2025-02-26T05:14:32Z,GTAPure10,252,Maximus CL,100,1
Warracknabeal,1661,2025-02-27T10:06:33Z,2025-02-26T23:07:40Z,GTAPure11,297,Commodus CL,100,1
Warracknabeal,1656,2025-02-26T15:39:17Z,2025-02-26T05:14:32Z,GTAPure12,250,Spartacus CL,100,1
Warracknabeal,1648,2025-02-26T14:20:54Z,2025-02-26T05:14:33Z,GTAPure2,328,La Trobe,100,1
Warracknabeal,1649,2025-02-26T14:35:22Z,2025-02-26T05:14:33Z,GTAPure3,206,Maximus CL,100,1
Warracknabeal,1650,2025-02-26T14:41:38Z,2025-02-26T05:14:33Z,GTAPure4,206,Commodus CL,100,1
Warracknabeal,1651,2025-02-26T14:45:54Z,2025-02-26T05:14:32Z,GTAPure5,245,Spartacus CL,100,1
Warracknabeal,1654,2025-02-26T15:19:30Z,2025-02-26T05:14:32Z,GTAPure6,319,Westminster,85,1
Warracknabeal,1654,2025-02-26T15:19:30Z,2025-02-26T05:14:32Z,GTAPure6,319,Planet,15,2
Warracknabeal,1652,2025-02-26T15:02:07Z,2025-02-26T05:14:32Z,GTAPure7,239,Planet,100,1
Warracknabeal,1653,2025-02-26T15:06:44Z,2025-02-26T05:14:32Z,GTAPure8,270,Bass,100,1
Warracknabeal,1655,2025-02-26T15:30:25Z,2025-02-26T05:14:32Z,GTAPure9,277,La Trobe,96,1
Warracknabeal,1655,2025-02-26T15:30:25Z,2025-02-26T05:14:32Z,GTAPure9,277,Spartacus CL,4,2
